<?xml version="1.0" encoding="UTF-8"?>

<mule xmlns:http="http://www.mulesoft.org/schema/mule/http" xmlns:db="http://www.mulesoft.org/schema/mule/db" xmlns:json="http://www.mulesoft.org/schema/mule/json" xmlns:tracking="http://www.mulesoft.org/schema/mule/ee/tracking" xmlns:file="http://www.mulesoft.org/schema/mule/file" xmlns="http://www.mulesoft.org/schema/mule/core" xmlns:doc="http://www.mulesoft.org/schema/mule/documentation"
	xmlns:spring="http://www.springframework.org/schema/beans" 
	xmlns:xsi="http://www.w3.org/2001/XMLSchema-instance"
	xsi:schemaLocation="http://www.springframework.org/schema/beans http://www.springframework.org/schema/beans/spring-beans-current.xsd
http://www.mulesoft.org/schema/mule/core http://www.mulesoft.org/schema/mule/core/current/mule.xsd
http://www.mulesoft.org/schema/mule/file http://www.mulesoft.org/schema/mule/file/current/mule-file.xsd
http://www.mulesoft.org/schema/mule/db http://www.mulesoft.org/schema/mule/db/current/mule-db.xsd
http://www.mulesoft.org/schema/mule/ee/tracking http://www.mulesoft.org/schema/mule/ee/tracking/current/mule-tracking-ee.xsd
http://www.mulesoft.org/schema/mule/json http://www.mulesoft.org/schema/mule/json/current/mule-json.xsd
http://www.mulesoft.org/schema/mule/http http://www.mulesoft.org/schema/mule/http/current/mule-http.xsd">
    <db:mysql-config name="MySQL_Configuration" host="localhost" port="3306" user="root" password="Welcome123" database="student" doc:name="MySQL Configuration"/>
    <http:listener-config name="HTTP_Listener_Configuration" host="0.0.0.0" port="8081" doc:name="HTTP Listener Configuration"/>
    <flow name="filterFlow">
        <file:inbound-endpoint path="C:\Users\EAI\Desktop\source" responseTimeout="10000" doc:name="File">
            <file:filename-regex-filter pattern="^[a-zA-Z]*.txt$" caseSensitive="false"/>
        </file:inbound-endpoint>
        <logger message="file transfering" level="INFO" doc:name="Logger"/>
        <file:outbound-endpoint path="C:\Users\EAI\Desktop\destination1" responseTimeout="10000" doc:name="File"/>
    </flow>
    <flow name="filterFlow1">
        <file:inbound-endpoint path="C:\Users\EAI\Desktop\source" responseTimeout="10000" doc:name="File">
            <file:filename-regex-filter pattern="^[a-zA-Z]*.txt" caseSensitive="false"/>
        </file:inbound-endpoint>
        <logger message="messsage transfered" level="INFO" doc:name="Logger"/>
        <file:outbound-endpoint path="C:\Users\EAI\Desktop\destination1" responseTimeout="10000" doc:name="File"/>
    </flow>
    <flow name="filterFlow2" processingStrategy="synchronous">
        <poll doc:name="Poll">
            <fixed-frequency-scheduler frequency="20" timeUnit="SECONDS"/>
            <watermark variable="var" default-expression="0" selector="MAX" selector-expression="#[payload.emp_id]"/>
            <db:select config-ref="MySQL_Configuration" doc:name="Database">
                <db:parameterized-query><![CDATA[select * from employee where emp_id>#[flowVars.var]]]></db:parameterized-query>
            </db:select>
        </poll>
        <json:object-to-json-transformer doc:name="Object to JSON"/>
        <file:outbound-endpoint path="src/main/resources/out" responseTimeout="10000" doc:name="File"/>
    </flow>
    <flow name="filterFlow3">
        <http:listener config-ref="HTTP_Listener_Configuration" path="/test" doc:name="HTTP"/>
        <set-payload value="Hello" doc:name="Set Payload"/>
    </flow>
    <flow name="filterFlow4">
        <http:listener config-ref="HTTP_Listener_Configuration" path="/test1" doc:name="HTTP"/>
        <set-variable variableName="a" value="10" doc:name="Variable"/>
    </flow>
</mule>
