<?xml version="1.0" encoding="UTF-8"?>
<mule xmlns:doc="http://www.mulesoft.org/schema/mule/documentation" xmlns="http://www.mulesoft.org/schema/mule/core" xmlns:apikit="http://www.mulesoft.org/schema/mule/apikit" xmlns:http="http://www.mulesoft.org/schema/mule/http" xmlns:spring="http://www.springframework.org/schema/beans" xmlns:xsi="http://www.w3.org/2001/XMLSchema-instance" xsi:schemaLocation="http://www.mulesoft.org/schema/mule/core http://www.mulesoft.org/schema/mule/core/current/mule.xsd
http://www.mulesoft.org/schema/mule/http http://www.mulesoft.org/schema/mule/http/current/mule-http.xsd
http://www.mulesoft.org/schema/mule/apikit http://www.mulesoft.org/schema/mule/apikit/current/mule-apikit.xsd
http://www.springframework.org/schema/beans http://www.springframework.org/schema/beans/spring-beans-3.1.xsd">
    <http:listener-config name="orchard-httpListenerConfig" host="0.0.0.0" port="8081" doc:name="HTTP Listener Configuration"/>
    <apikit:config name="orchard-config" raml="orchard.raml" consoleEnabled="false" doc:name="Router"/>
    <flow name="orchard-main">
        <http:listener config-ref="orchard-httpListenerConfig" path="/api/*" doc:name="HTTP"/>
        <apikit:router config-ref="orchard-config" doc:name="APIkit Router"/>
        <exception-strategy ref="orchard-apiKitGlobalExceptionMapping" doc:name="Reference Exception Strategy"/>
    </flow>
    <flow name="orchard-console">
        <http:listener config-ref="orchard-httpListenerConfig" path="/console/*" doc:name="HTTP"/>
        <apikit:console config-ref="orchard-config" doc:name="APIkit Console"/>
    </flow>
    <flow name="get:/campusmind:orchard-config">
        <flow-ref name="campusmind-get" doc:name="campusmind-get"/>

    </flow>
    <flow name="get:/lead:orchard-config">
        <flow-ref name="get-leads" doc:name="get-leads"/>

    </flow>
    <flow name="get:/minddetails:orchard-config">
        <flow-ref name="getminds" doc:name="getminds"/>

    </flow>
    <flow name="get:/lead/{ID}:orchard-config">
        <flow-ref name="getbylid" doc:name="getbylid"/>

    </flow>
    <flow name="get:/minddetails/{ID}:orchard-config">
        <flow-ref name="getmindbyid" doc:name="Flow Reference"/>

    </flow>
    <flow name="get:/campusmind/{ID}:orchard-config">
        <flow-ref name="getby-cmid" doc:name="getby-cmid"/>

    </flow>
    <flow name="post:/campusmind:orchard-config">
        <flow-ref name="campus-post" doc:name="Flow Reference"/>

    </flow>
    <flow name="post:/lead:orchard-config">
        <flow-ref name="insert-lead" doc:name="insert-lead"/>

    </flow>
    <flow name="post:/minddetails:orchard-config">
        <flow-ref name="insetminddetails" doc:name="insetminddetails"/>

    </flow>
    <apikit:mapping-exception-strategy name="orchard-apiKitGlobalExceptionMapping">
        <apikit:mapping statusCode="404">
            <apikit:exception value="org.mule.module.apikit.exception.NotFoundException" />
            <set-property propertyName="Content-Type" value="application/json" doc:name="Property"/>
            <set-payload value="{ &quot;message&quot;: &quot;Resource not found&quot; }" doc:name="Set Payload"/>
        </apikit:mapping>
        <apikit:mapping statusCode="405">
            <apikit:exception value="org.mule.module.apikit.exception.MethodNotAllowedException" />
            <set-property propertyName="Content-Type" value="application/json" doc:name="Property"/>
            <set-payload value="{ &quot;message&quot;: &quot;Method not allowed&quot; }" doc:name="Set Payload"/>
        </apikit:mapping>
        <apikit:mapping statusCode="415">
            <apikit:exception value="org.mule.module.apikit.exception.UnsupportedMediaTypeException" />
            <set-property propertyName="Content-Type" value="application/json" doc:name="Property"/>
            <set-payload value="{ &quot;message&quot;: &quot;Unsupported media type&quot; }" doc:name="Set Payload"/>
        </apikit:mapping>
        <apikit:mapping statusCode="406">
            <apikit:exception value="org.mule.module.apikit.exception.NotAcceptableException" />
            <set-property propertyName="Content-Type" value="application/json" doc:name="Property"/>
            <set-payload value="{ &quot;message&quot;: &quot;Not acceptable&quot; }" doc:name="Set Payload"/>
        </apikit:mapping>
        <apikit:mapping statusCode="400">
            <apikit:exception value="org.mule.module.apikit.exception.BadRequestException" />
            <set-property propertyName="Content-Type" value="application/json" doc:name="Property"/>
            <set-payload value="{ &quot;message&quot;: &quot;Bad request&quot; }" doc:name="Set Payload"/>
        </apikit:mapping>
    </apikit:mapping-exception-strategy>
</mule>
