<?xml version="1.0" encoding="UTF-8"?>

<mule xmlns:file="http://www.mulesoft.org/schema/mule/file" xmlns:http="http://www.mulesoft.org/schema/mule/http" xmlns:jms="http://www.mulesoft.org/schema/mule/jms" xmlns:tracking="http://www.mulesoft.org/schema/mule/ee/tracking" xmlns="http://www.mulesoft.org/schema/mule/core" xmlns:doc="http://www.mulesoft.org/schema/mule/documentation"
	xmlns:spring="http://www.springframework.org/schema/beans" 
	xmlns:xsi="http://www.w3.org/2001/XMLSchema-instance"
	xsi:schemaLocation="http://www.springframework.org/schema/beans http://www.springframework.org/schema/beans/spring-beans-current.xsd
http://www.mulesoft.org/schema/mule/core http://www.mulesoft.org/schema/mule/core/current/mule.xsd
http://www.mulesoft.org/schema/mule/http http://www.mulesoft.org/schema/mule/http/current/mule-http.xsd
http://www.mulesoft.org/schema/mule/jms http://www.mulesoft.org/schema/mule/jms/current/mule-jms.xsd
http://www.mulesoft.org/schema/mule/file http://www.mulesoft.org/schema/mule/file/current/mule-file.xsd
http://www.mulesoft.org/schema/mule/ee/tracking http://www.mulesoft.org/schema/mule/ee/tracking/current/mule-tracking-ee.xsd">
    <http:listener-config name="HTTP_Listener_Configuration" host="0.0.0.0" port="8081" doc:name="HTTP Listener Configuration"/>
    <jms:activemq-connector name="Active_MQ" brokerURL="tcp://localhost:61616" validateConnections="true" doc:name="Active MQ"/>
    <jms:activemq-connector name="Active_MQ1" brokerURL="tcp://localhost:61616" validateConnections="true" doc:name="Active MQ"/>
    <jms:activemq-connector name="Active_MQ2" brokerURL="tcp://localhost:61616" validateConnections="true" doc:name="Active MQ"/>
    <jms:activemq-connector name="Active_MQ3" brokerURL="tcp://localhost:61616" validateConnections="true" doc:name="Active MQ"/>
    <jms:activemq-connector name="Active_MQ4" brokerURL="tcp://localhost:61616" validateConnections="true" doc:name="Active MQ"/>
    <flow name="apache-active-mq-jmsFlow">
        <http:listener config-ref="HTTP_Listener_Configuration" path="/mq" allowedMethods="post" doc:name="HTTP"/>
        <object-to-string-transformer doc:name="Object to String"/>
        <jms:outbound-endpoint queue="TestQueue" connector-ref="Active_MQ" doc:name="JMS"/>
        <set-payload value="message published to active mq" doc:name="Set Payload"/>
    </flow>
    <flow name="apache-active-mq-jmsFlow1">
        <jms:inbound-endpoint queue="TestQueue" connector-ref="Active_MQ1" doc:name="JMS"/>
        <file:outbound-endpoint path="src/test/resources/out" responseTimeout="10000" doc:name="File"/>
    </flow>
    <flow name="apache-active-topic-jmsFlow">
        <http:listener config-ref="HTTP_Listener_Configuration" path="/jms" allowedMethods="post" doc:name="HTTP"/>
        <object-to-string-transformer doc:name="Object to String"/>
        <jms:outbound-endpoint topic="TestTopic" connector-ref="Active_MQ2" doc:name="JMS"/>
        <set-payload value="message sent to topic" doc:name="Set Payload"/>
    </flow>
    <flow name="apache-active-mq-jmsFlow2">
        <jms:inbound-endpoint topic="TestTopic" connector-ref="Active_MQ3" doc:name="JMS"/>
        <file:outbound-endpoint path="src/test/resources/outtop" responseTimeout="10000" doc:name="File"/>
    </flow>
    <flow name="apache-active-mq-jmsFlow3">
        <jms:inbound-endpoint topic="TestTopic" connector-ref="Active_MQ4" doc:name="JMS"/>
        <file:outbound-endpoint path="src/test/resources/outtop1" responseTimeout="10000" doc:name="File"/>
    </flow>
</mule>
